-- Add 1 Admin, 39 Parents, 2 Teachers, 2 Guardians
INSERT INTO Person (id, email, last_name, first_name,
                    password, mail_notification, mail_lunch_reminder, enabled, active, activated) VALUES
  (1, 'admin@ikita.at', 'Valentini', 'Fabio',
   '$2a$10$n/r9HurPFd9JBE1B6cJIG.6UjfRKgjl23l8NI.Kn/1shetD1QaRJG', TRUE, TRUE, TRUE, TRUE, TRUE),

  (2, 'user01@ikita.at', 'Gruber', 'Peter',
   '$2a$10$n/r9HurPFd9JBE1B6cJIG.6UjfRKgjl23l8NI.Kn/1shetD1QaRJG', TRUE, TRUE, TRUE, TRUE, TRUE),
  (3, 'user02@ikita.at', 'Gruber', 'Ursula',
   '$2a$10$n/r9HurPFd9JBE1B6cJIG.6UjfRKgjl23l8NI.Kn/1shetD1QaRJG', TRUE, TRUE, TRUE, TRUE, TRUE),
  (4, 'user03@ikita.at', 'Huber', 'Michael',
   '$2a$10$n/r9HurPFd9JBE1B6cJIG.6UjfRKgjl23l8NI.Kn/1shetD1QaRJG', TRUE, TRUE, TRUE, TRUE, TRUE),
  (5, 'user04@ikita.at', 'Huber', 'Karin',
   '$2a$10$n/r9HurPFd9JBE1B6cJIG.6UjfRKgjl23l8NI.Kn/1shetD1QaRJG', TRUE, TRUE, TRUE, TRUE, TRUE),
  (6, 'user05@ikita.at', 'Wagner', 'Thomas',
   '$2a$10$n/r9HurPFd9JBE1B6cJIG.6UjfRKgjl23l8NI.Kn/1shetD1QaRJG', TRUE, TRUE, TRUE, TRUE, TRUE),
  (7, 'user06@ikita.at', 'Wagner', 'Helga',
   '$2a$10$n/r9HurPFd9JBE1B6cJIG.6UjfRKgjl23l8NI.Kn/1shetD1QaRJG', TRUE, TRUE, TRUE, TRUE, TRUE),
  (8, 'user07@ikita.at', 'Müller', 'Andreas',
   '$2a$10$n/r9HurPFd9JBE1B6cJIG.6UjfRKgjl23l8NI.Kn/1shetD1QaRJG', TRUE, TRUE, TRUE, TRUE, TRUE),
  (9, 'user08@ikita.at', 'Müller', 'Sabine',
   '$2a$10$n/r9HurPFd9JBE1B6cJIG.6UjfRKgjl23l8NI.Kn/1shetD1QaRJG', TRUE, TRUE, TRUE, TRUE, TRUE),
  (10, 'user09@ikita.at', 'Pichler', 'Wolfgang',
   '$2a$10$n/r9HurPFd9JBE1B6cJIG.6UjfRKgjl23l8NI.Kn/1shetD1QaRJG', TRUE, TRUE, TRUE, TRUE, TRUE),
  (11, 'user10@ikita.at', 'Pichler', 'Ingrid',
   '$2a$10$n/r9HurPFd9JBE1B6cJIG.6UjfRKgjl23l8NI.Kn/1shetD1QaRJG', TRUE, TRUE, TRUE, TRUE, TRUE),
  (12, 'user11@ikita.at', 'Moser', 'Klaus',
   '$2a$10$n/r9HurPFd9JBE1B6cJIG.6UjfRKgjl23l8NI.Kn/1shetD1QaRJG', TRUE, TRUE, TRUE, TRUE, TRUE),
  (13, 'user12@ikita.at', 'Moser', 'Renate',
   '$2a$10$n/r9HurPFd9JBE1B6cJIG.6UjfRKgjl23l8NI.Kn/1shetD1QaRJG', TRUE, TRUE, TRUE, TRUE, TRUE),
  (14, 'user13@ikita.at', 'Steiner', 'Jürgen',
   '$2a$10$n/r9HurPFd9JBE1B6cJIG.6UjfRKgjl23l8NI.Kn/1shetD1QaRJG', TRUE, TRUE, TRUE, TRUE, TRUE),
  (15, 'user14@ikita.at', 'Steiner', 'Monika',
   '$2a$10$n/r9HurPFd9JBE1B6cJIG.6UjfRKgjl23l8NI.Kn/1shetD1QaRJG', TRUE, TRUE, TRUE, TRUE, TRUE),
  (16, 'user15@ikita.at', 'Mayer', 'Günther',
   '$2a$10$n/r9HurPFd9JBE1B6cJIG.6UjfRKgjl23l8NI.Kn/1shetD1QaRJG', TRUE, TRUE, TRUE, TRUE, TRUE),
  (17, 'user16@ikita.at', 'Mayer', 'Susanne',
   '$2a$10$n/r9HurPFd9JBE1B6cJIG.6UjfRKgjl23l8NI.Kn/1shetD1QaRJG', TRUE, TRUE, TRUE, TRUE, TRUE),
  (18, 'user17@ikita.at', 'Berger', 'Stefan',
   '$2a$10$n/r9HurPFd9JBE1B6cJIG.6UjfRKgjl23l8NI.Kn/1shetD1QaRJG', TRUE, TRUE, TRUE, TRUE, TRUE),
  (19, 'user18@ikita.at', 'Berger', 'Gisela',
   '$2a$10$n/r9HurPFd9JBE1B6cJIG.6UjfRKgjl23l8NI.Kn/1shetD1QaRJG', TRUE, TRUE, TRUE, TRUE, TRUE),
  (20, 'user19@ikita.at', 'Hofer', 'Christian',
   '$2a$10$n/r9HurPFd9JBE1B6cJIG.6UjfRKgjl23l8NI.Kn/1shetD1QaRJG', TRUE, TRUE, TRUE, TRUE, TRUE),
  (21, 'user20@ikita.at', 'Hofer', 'Petra',
   '$2a$10$n/r9HurPFd9JBE1B6cJIG.6UjfRKgjl23l8NI.Kn/1shetD1QaRJG', TRUE, TRUE, TRUE, TRUE, TRUE),
  (22, 'user21@ikita.at', 'Eder', 'Uwe',
   '$2a$10$n/r9HurPFd9JBE1B6cJIG.6UjfRKgjl23l8NI.Kn/1shetD1QaRJG', TRUE, TRUE, TRUE, TRUE, TRUE),
  (23, 'user22@ikita.at', 'Eder', 'Birgit',
   '$2a$10$n/r9HurPFd9JBE1B6cJIG.6UjfRKgjl23l8NI.Kn/1shetD1QaRJG', TRUE, TRUE, TRUE, TRUE, TRUE),
  (24, 'user23@ikita.at', 'Bauer', 'Werner',
   '$2a$10$n/r9HurPFd9JBE1B6cJIG.6UjfRKgjl23l8NI.Kn/1shetD1QaRJG', TRUE, TRUE, TRUE, TRUE, TRUE),
  (25, 'user24@ikita.at', 'Bauer', 'Horst',
   '$2a$10$n/r9HurPFd9JBE1B6cJIG.6UjfRKgjl23l8NI.Kn/1shetD1QaRJG', TRUE, TRUE, TRUE, TRUE, TRUE),
  (26, 'user25@ikita.at', 'Winkler', 'Andrea',
   '$2a$10$n/r9HurPFd9JBE1B6cJIG.6UjfRKgjl23l8NI.Kn/1shetD1QaRJG', TRUE, TRUE, TRUE, TRUE, TRUE),
  (27, 'user26@ikita.at', 'Winkler', 'Anna',
   '$2a$10$n/r9HurPFd9JBE1B6cJIG.6UjfRKgjl23l8NI.Kn/1shetD1QaRJG', TRUE, TRUE, TRUE, TRUE, TRUE),
  (28, 'user27@ikita.at', 'Schmid', 'Frank',
   '$2a$10$n/r9HurPFd9JBE1B6cJIG.6UjfRKgjl23l8NI.Kn/1shetD1QaRJG', TRUE, TRUE, TRUE, TRUE, TRUE),
  (29, 'user28@ikita.at', 'Schmid', 'Brigitte',
   '$2a$10$n/r9HurPFd9JBE1B6cJIG.6UjfRKgjl23l8NI.Kn/1shetD1QaRJG', TRUE, TRUE, TRUE, TRUE, TRUE),
  (30, 'user29@ikita.at', 'Weber', 'Dieter',
   '$2a$10$n/r9HurPFd9JBE1B6cJIG.6UjfRKgjl23l8NI.Kn/1shetD1QaRJG', TRUE, TRUE, TRUE, TRUE, TRUE),
  (31, 'user30@ikita.at', 'Weber', 'Claudia',
   '$2a$10$n/r9HurPFd9JBE1B6cJIG.6UjfRKgjl23l8NI.Kn/1shetD1QaRJG', TRUE, TRUE, TRUE, TRUE, TRUE),
  (32, 'user31@ikita.at', 'Fuchs', 'Manfred',
   '$2a$10$n/r9HurPFd9JBE1B6cJIG.6UjfRKgjl23l8NI.Kn/1shetD1QaRJG', TRUE, TRUE, TRUE, TRUE, TRUE),
  (33, 'user32@ikita.at', 'Fuchs', 'Erika',
   '$2a$10$n/r9HurPFd9JBE1B6cJIG.6UjfRKgjl23l8NI.Kn/1shetD1QaRJG', TRUE, TRUE, TRUE, TRUE, TRUE),
  (34, 'user33@ikita.at', 'Maier', 'Gerhard',
   '$2a$10$n/r9HurPFd9JBE1B6cJIG.6UjfRKgjl23l8NI.Kn/1shetD1QaRJG', TRUE, TRUE, TRUE, TRUE, TRUE),
  (35, 'user34@ikita.at', 'Maier', 'Christa',
   '$2a$10$n/r9HurPFd9JBE1B6cJIG.6UjfRKgjl23l8NI.Kn/1shetD1QaRJG', TRUE, TRUE, TRUE, TRUE, TRUE),
  (36, 'user35@ikita.at', 'Schwarz', 'Hans',
   '$2a$10$n/r9HurPFd9JBE1B6cJIG.6UjfRKgjl23l8NI.Kn/1shetD1QaRJG', TRUE, TRUE, TRUE, TRUE, TRUE),
  (37, 'user36@ikita.at', 'Schwarz', 'Elke',
   '$2a$10$n/r9HurPFd9JBE1B6cJIG.6UjfRKgjl23l8NI.Kn/1shetD1QaRJG', TRUE, TRUE, TRUE, TRUE, TRUE),
  (38, 'user37@ikita.at', 'Schneider', 'Bernd',
   '$2a$10$n/r9HurPFd9JBE1B6cJIG.6UjfRKgjl23l8NI.Kn/1shetD1QaRJG', TRUE, TRUE, TRUE, TRUE, TRUE),
  (39, 'user38@ikita.at', 'Schneider', 'Stefanie',
   '$2a$10$n/r9HurPFd9JBE1B6cJIG.6UjfRKgjl23l8NI.Kn/1shetD1QaRJG', TRUE, TRUE, TRUE, TRUE, TRUE),
  (40, 'user39@ikita.at', 'Reiter', 'Thorsten',
   '$2a$10$n/r9HurPFd9JBE1B6cJIG.6UjfRKgjl23l8NI.Kn/1shetD1QaRJG', TRUE, TRUE, TRUE, TRUE, TRUE),

  (41, 'teacher1@ikita.at', 'Renner', 'Maximilian',
   '$2a$10$n/r9HurPFd9JBE1B6cJIG.6UjfRKgjl23l8NI.Kn/1shetD1QaRJG', TRUE, TRUE, TRUE, TRUE, TRUE),
  (42, 'teacher2@ikita.at', 'Pienz', 'Gertrude',
   '$2a$10$n/r9HurPFd9JBE1B6cJIG.6UjfRKgjl23l8NI.Kn/1shetD1QaRJG', TRUE, TRUE, TRUE, TRUE, TRUE),

  (43, 'guardian01@ikita.at', 'Leitner', 'Matthias',
   '$2a$10$n/r9HurPFd9JBE1B6cJIG.6UjfRKgjl23l8NI.Kn/1shetD1QaRJG', TRUE, TRUE, FALSE, TRUE, TRUE),
  (44, 'guardian02@ikita.at', 'Fischer', 'Elisabeth',
   '$2a$10$n/r9HurPFd9JBE1B6cJIG.6UjfRKgjl23l8NI.Kn/1shetD1QaRJG', TRUE, TRUE, FALSE, TRUE, TRUE),

  (45, 'test@ikita.at', 'Tester', 'Irgendein',
   '$2a$10$n/r9HurPFd9JBE1B6cJIG.6UjfRKgjl23l8NI.Kn/1shetD1QaRJG', TRUE, TRUE, TRUE, TRUE, TRUE);


INSERT INTO Person_Person_Role (person_id, roles) VALUES
  (1, 'ADMIN'),

  (2, 'PARENT'), (3, 'PARENT'), (4, 'PARENT'), (5, 'PARENT'), (6, 'PARENT'),
  (7, 'PARENT'),  (8, 'PARENT'), (9, 'PARENT'), (10, 'PARENT'), (11, 'PARENT'),
  (12, 'PARENT'), (13, 'PARENT'), (14, 'PARENT'), (15, 'PARENT'), (16, 'PARENT'),
  (17, 'PARENT'), (18, 'PARENT'), (19, 'PARENT'), (20, 'PARENT'), (21, 'PARENT'),
  (22, 'PARENT'), (23, 'PARENT'), (24, 'PARENT'), (25, 'PARENT'), (26, 'PARENT'),
  (27, 'PARENT'), (28, 'PARENT'), (29, 'PARENT'), (30, 'PARENT'), (31, 'PARENT'),
  (32, 'PARENT'), (33, 'PARENT'), (34, 'PARENT'), (35, 'PARENT'), (36, 'PARENT'),
  (37, 'PARENT'), (38, 'PARENT'), (39, 'PARENT'), (40, 'PARENT'),

  (41, 'TEACHER'), (42, 'TEACHER'),

  (43, 'GUARDIAN'), (44, 'GUARDIAN');


-- Add some children
INSERT INTO Child (id, last_name, first_name, gender, birthday, registration_date,
                   de_registration_date, default_bring_time, default_pickup_time) VALUES
  (1, 'Gruber', 'Lukas', 'MALE', '2012-04-03', '2017-01-14',
   '2017-04-05', '07:00:00', '14:00:00'),
  (2, 'Huber', 'Lena', 'FEMALE', '2012-04-20', '2017-01-15',
   '2017-04-30', '07:10:00', '14:10:00'),
  (3, 'Wagner', 'Tobias', 'MALE', '2012-04-23', '2017-01-19',
   '2017-05-01', '07:20:00', '14:30:00'),
  (4, 'Müller', 'Leonie', 'FEMALE', '2012-07-11', '2017-01-20',
   '2017-06-15', '07:30:00', '14:40:00'),
  (5, 'Pichler', 'David', 'MALE', '2012-07-21', '2017-01-22',
   '2017-06-17', '07:40:00', '14:50:00'),
  (6, 'Moser', 'Anna', 'FEMALE', '2012-07-27', '2017-01-25',
   '2017-06-29', '07:50:00', '15:00:00'),
  (7, 'Steiner', 'Julian', 'MALE', '2013-08-27', '2017-01-30',
   '2017-07-14', '08:00:00', '15:10:00'),
  (8, 'Mayer', 'Sarah', 'FEMALE', '2013-11-26', '2017-01-31',
   '2017-07-18', '08:20:00', '15:30:00'),
  (9, 'Berger', 'Florian', 'MALE', '2014-01-02', '2017-02-15',
   '2017-07-24', '08:30:00', '15:40:00'),
  (10, 'Hofer', 'Julia', 'FEMALE', '2014-03-18', '2017-03-02',
   '2017-08-06', '08:40:00', '15:50:00'),
  (11, 'Eder', 'Maximilian', 'MALE', '2014-04-07', '2017-03-08',
   '2017-08-27', '08:50:00', '16:00:00'),
  (12, 'Bauer', 'Hannah', 'FEMALE', '2014-04-08', '2017-03-25',
   '2017-09-05', '09:20:00', '16:10:00'),
  (13, 'Winkler', 'Fabian', 'MALE', '2014-06-03', '2017-04-01',
   '2017-09-10', '09:30:00', '16:30:00'),
  (14, 'Schmid', 'Laura', 'FEMALE', '2014-06-19', '2017-04-02',
   '2017-09-27', '09:40:00', '16:40:00'),
  (15, 'Weber', 'Alexander', 'MALE', '2014-06-30', '2017-04-06',
   '2017-09-30', '09:50:00', '17:00:00'),
  (16, 'Fuchs', 'Katharina', 'FEMALE', '2014-08-25', '2017-04-09',
   '2017-10-21', '10:00:00', '17:10:00'),
  (17, 'Maier', 'Felix', 'MALE', '2014-10-27', '2017-04-12',
   '2017-11-13', '10:10:00', '17:30:00'),
  (18, 'Schwarz', 'Sophie', 'FEMALE', '2014-11-02', '2017-04-13',
   '2017-11-29', '10:20:00', '17:40:00'),
  (19, 'Schneider', 'Simon', 'MALE', '2014-12-23', '2017-04-16',
   '2017-12-13', '10:40:00', '17:50:00'),
  (20, 'Reiter', 'Lisa', 'FEMALE', '2014-12-27', '2017-04-28',
   '2017-12-31', '10:50:00', '18:00:00'),
  (21, 'Reiter', 'Daniela', 'FEMALE', '2014-12-27', '2017-04-28',
   '2017-12-31', '10:50:00', '18:00:00');


INSERT INTO Parent_Children (parent_id, child_id) VALUES
  (2, 1), (3, 1),
  (4, 2), (5, 2),
  (6, 3), (7, 3),
  (8, 4), (9, 4),
  (10, 5), (11, 5),
  (12, 6), (13, 6),
  (14, 7), (15, 7),
  (16, 8), (17, 8),
  (18, 9), (19, 9),
  (20, 10), (21, 10),
  (22, 11), (23, 11),
  (24, 12), (25, 12),
  (26, 13), (27, 13),
  (28, 14), (29, 14),
  (30, 15), (31, 15),
  (32, 16), (33, 16),
  (34, 17), (35, 17),
  (36, 18), (37, 18),
  (38, 19), (39, 19),
  (40, 20),
  (40, 21);


INSERT INTO Child_Guardians (child_id, guardian_id) VALUES
  (20, 43),
  (20, 44),
  (21, 43),
  (21, 44);


INSERT INTO Siblings (child1_id, child2_id) VALUES
  (20, 21),
  (21, 20);


INSERT INTO Child_Days_Of_Week (child_id, default_presences) VALUES
  (1, 'MONDAY'), (1, 'TUESDAY'), (1, 'THURSDAY'),
  (2, 'MONDAY'), (2, 'TUESDAY'), (2, 'WEDNESDAY'), (2, 'THURSDAY'), (2, 'FRIDAY'),
  (3, 'WEDNESDAY'), (3, 'FRIDAY'),
  (4, 'FRIDAY'),
  (5, 'TUESDAY'), (5, 'WEDNESDAY'), (5, 'THURSDAY'), (5, 'FRIDAY'),
  (6, 'MONDAY'), (6, 'TUESDAY'), (6, 'WEDNESDAY'), (6, 'FRIDAY'),
  (7, 'FRIDAY'),
  (8, 'TUESDAY'), (8, 'THURSDAY'),
  (9, 'WEDNESDAY'),
  (10, 'MONDAY'),
  (11, 'WEDNESDAY'),
  (12, 'MONDAY'),
  (13, 'MONDAY'), (13, 'WEDNESDAY'), (13, 'THURSDAY'), (13, 'FRIDAY'),
  (14, 'MONDAY'), (14, 'THURSDAY'),
  (15, 'MONDAY'), (15, 'TUESDAY'), (15, 'FRIDAY'),
  (16, 'THURSDAY'), (16, 'FRIDAY'),
  (17, 'MONDAY'), (17, 'FRIDAY'),
  (18, 'MONDAY'), (18, 'TUESDAY'), (18, 'WEDNESDAY'),
  (19, 'TUESDAY'), (19, 'WEDNESDAY'), (19, 'FRIDAY'),
  (20, 'MONDAY'), (20, 'WEDNESDAY'),
  (21, 'TUESDAY'), (21, 'THURSDAY');


-- Add some Child Calendar entries
INSERT INTO Child_Calendar (date, bring_time, pickup_time, child_id, lunch) VALUES
  ('2017-04-05', NULL, NULL, 1, TRUE),
  ('2017-04-06', NULL, NULL, 1, FALSE),
  ('2017-04-11', NULL, NULL, 1, FALSE),
  ('2017-04-12', NULL, NULL, 1, FALSE),
  ('2017-04-13', NULL, '15:10:00', 1, FALSE),
  ('2017-04-14', NULL, NULL, 1, TRUE),
  ('2017-04-17', NULL, NULL, 1, TRUE),
  ('2017-04-18', NULL, NULL, 1, TRUE),
  ('2017-04-21', NULL, NULL, 1, TRUE),
  ('2017-04-25', NULL, NULL, 1, TRUE),
  ('2017-04-26', NULL, '14:20:00', 1, FALSE),
  ('2017-04-28', NULL, NULL, 1, TRUE),
  ('2017-04-04', NULL, '17:30:00', 2, FALSE),
  ('2017-04-06', NULL, NULL, 2, TRUE),
  ('2017-04-11', NULL, NULL, 2, FALSE),
  ('2017-04-12', NULL, NULL, 2, TRUE),
  ('2017-04-14', NULL, NULL, 2, FALSE),
  ('2017-04-21', NULL, NULL, 2, FALSE),
  ('2017-04-23', NULL, NULL, 2, FALSE),
  ('2017-04-24', NULL, NULL, 2, TRUE),
  ('2017-04-26', NULL, NULL, 2, TRUE),
  ('2017-04-27', NULL, NULL, 2, TRUE),
  ('2017-04-28', NULL, NULL, 2, TRUE),
  ('2017-04-07', NULL, NULL, 3, FALSE),
  ('2017-04-11', '08:10:00', NULL, 3, FALSE),
  ('2017-04-13', NULL, NULL, 3, TRUE),
  ('2017-04-17', '09:10:00', NULL, 3, FALSE),
  ('2017-04-20', NULL, NULL, 3, TRUE),
  ('2017-04-21', NULL, NULL, 3, TRUE),
  ('2017-04-23', NULL, NULL, 3, TRUE),
  ('2017-04-24', NULL, NULL, 3, TRUE),
  ('2017-04-25', NULL, NULL, 3, TRUE),
  ('2017-05-02', NULL, NULL, 4, FALSE),
  ('2017-05-03', NULL, NULL, 4, FALSE),
  ('2017-05-04', NULL, NULL, 4, FALSE),
  ('2017-05-05', NULL, NULL, 4, FALSE),
  ('2017-05-11', NULL, NULL, 4, TRUE),
  ('2017-05-12', NULL, '14:20:00', 4, FALSE),
  ('2017-05-16', NULL, NULL, 4, FALSE),
  ('2017-05-17', NULL, NULL, 4, TRUE),
  ('2017-05-19', NULL, '15:40:00', 4, FALSE),
  ('2017-05-22', NULL, NULL, 4, TRUE),
  ('2017-05-26', '07:10:00', NULL, 4, FALSE),
  ('2017-05-30', NULL, NULL, 4, FALSE),
  ('2017-05-02', NULL, NULL, 5, FALSE),
  ('2017-05-04', NULL, NULL, 5, TRUE),
  ('2017-05-05', NULL, NULL, 5, TRUE),
  ('2017-05-08', NULL, NULL, 5, TRUE),
  ('2017-05-11', NULL, NULL, 5, FALSE),
  ('2017-05-12', NULL, NULL, 5, TRUE),
  ('2017-05-17', NULL, NULL, 5, FALSE),
  ('2017-05-23', NULL, '14:10:00', 5, FALSE),
  ('2017-05-24', NULL, NULL, 5, TRUE),
  ('2017-05-29', NULL, NULL, 5, TRUE),
  ('2017-05-30', '07:00:00', NULL, 5, TRUE),
  ('2017-05-02', NULL, NULL, 6, FALSE),
  ('2017-05-03', NULL, NULL, 6, TRUE),
  ('2017-05-04', NULL, NULL, 6, FALSE),
  ('2017-05-08', NULL, NULL, 6, TRUE),
  ('2017-05-11', NULL, NULL, 6, FALSE),
  ('2017-05-15', NULL, NULL, 6, TRUE),
  ('2017-05-16', NULL, NULL, 6, TRUE),
  ('2017-05-17', NULL, NULL, 6, TRUE),
  ('2017-05-18', NULL, '14:30:00', 6, TRUE),
  ('2017-05-22', NULL, '17:40:00', 6, FALSE),
  ('2017-05-23', NULL, NULL, 6, TRUE),
  ('2017-05-25', '07:50:00', NULL, 6, FALSE),
  ('2017-05-26', NULL, NULL, 6, TRUE),
  ('2017-05-30', NULL, NULL, 6, FALSE),
  ('2017-05-02', NULL, '17:40:00', 7, FALSE),
  ('2017-05-03', NULL, NULL, 7, TRUE),
  ('2017-05-04', NULL, NULL, 7, TRUE),
  ('2017-05-09', NULL, '16:50:00', 7, TRUE),
  ('2017-05-10', NULL, NULL, 7, TRUE),
  ('2017-05-11', NULL, NULL, 7, FALSE),
  ('2017-05-12', NULL, NULL, 7, FALSE),
  ('2017-05-15', NULL, NULL, 7, TRUE),
  ('2017-05-17', NULL, NULL, 7, FALSE),
  ('2017-05-18', NULL, NULL, 7, FALSE),
  ('2017-05-23', NULL, '14:00:00', 7, TRUE),
  ('2017-05-26', NULL, '15:50:00', 7, FALSE),
  ('2017-05-30', NULL, NULL, 7, FALSE),
  ('2017-05-02', NULL, NULL, 8, FALSE),
  ('2017-05-03', NULL, '15:40:00', 8, FALSE),
  ('2017-05-04', NULL, '15:00:00', 8, FALSE),
  ('2017-05-09', '08:50:00', NULL, 8, FALSE),
  ('2017-05-10', NULL, NULL, 8, FALSE),
  ('2017-05-11', NULL, NULL, 8, FALSE),
  ('2017-05-16', NULL, NULL, 8, TRUE),
  ('2017-05-17', NULL, NULL, 8, FALSE),
  ('2017-05-18', '09:30:00', NULL, 8, FALSE),
  ('2017-05-19', '08:40:00', NULL, 8, TRUE),
  ('2017-05-23', NULL, NULL, 8, FALSE),
  ('2017-05-25', '07:20:00', NULL, 8, FALSE),
  ('2017-05-04', NULL, NULL, 9, FALSE),
  ('2017-05-10', NULL, NULL, 9, FALSE),
  ('2017-05-11', NULL, NULL, 9, FALSE),
  ('2017-05-12', NULL, NULL, 9, FALSE),
  ('2017-05-15', NULL, NULL, 9, TRUE),
  ('2017-05-17', '07:50:00', NULL, 9, FALSE),
  ('2017-05-18', NULL, '17:10:00', 9, FALSE),
  ('2017-05-24', NULL, NULL, 9, FALSE),
  ('2017-05-09', NULL, NULL, 10, TRUE),
  ('2017-05-15', NULL, NULL, 10, FALSE),
  ('2017-05-16', NULL, '15:20:00', 10, TRUE),
  ('2017-05-19', NULL, NULL, 10, FALSE),
  ('2017-05-22', NULL, NULL, 10, TRUE),
  ('2017-05-23', NULL, NULL, 10, FALSE),
  ('2017-05-24', '08:30:00', NULL, 10, FALSE),
  ('2017-05-25', NULL, NULL, 10, TRUE),
  ('2017-05-26', NULL, '14:00:00', 10, FALSE),
  ('2017-05-29', NULL, NULL, 10, FALSE),
  ('2017-05-09', NULL, NULL, 11, FALSE),
  ('2017-05-10', NULL, NULL, 11, FALSE),
  ('2017-05-11', NULL, NULL, 11, FALSE),
  ('2017-05-12', NULL, NULL, 11, TRUE),
  ('2017-05-16', NULL, NULL, 11, TRUE),
  ('2017-05-17', NULL, NULL, 11, TRUE),
  ('2017-05-19', NULL, NULL, 11, TRUE),
  ('2017-05-22', NULL, NULL, 11, FALSE),
  ('2017-05-23', '09:20:00', NULL, 11, FALSE),
  ('2017-05-24', NULL, '14:30:00', 11, FALSE),
  ('2017-05-25', NULL, NULL, 11, FALSE),
  ('2017-05-26', NULL, NULL, 11, FALSE),
  ('2017-05-29', NULL, NULL, 11, FALSE),
  ('2017-05-30', NULL, NULL, 11, TRUE),
  ('2017-05-02', NULL, NULL, 12, TRUE),
  ('2017-05-03', NULL, NULL, 12, FALSE),
  ('2017-05-04', NULL, NULL, 12, FALSE),
  ('2017-05-05', NULL, NULL, 12, FALSE),
  ('2017-05-08', NULL, NULL, 12, TRUE),
  ('2017-05-09', NULL, '16:30:00', 12, FALSE),
  ('2017-05-10', NULL, NULL, 12, FALSE),
  ('2017-05-15', NULL, NULL, 12, FALSE),
  ('2017-05-16', NULL, NULL, 12, TRUE),
  ('2017-05-23', NULL, '14:20:00', 12, FALSE),
  ('2017-05-24', NULL, NULL, 12, TRUE),
  ('2017-05-26', NULL, NULL, 12, FALSE),
  ('2017-05-02', NULL, NULL, 13, TRUE),
  ('2017-05-05', NULL, NULL, 13, FALSE),
  ('2017-05-09', '08:20:00', NULL, 13, FALSE),
  ('2017-05-10', NULL, NULL, 13, TRUE),
  ('2017-05-11', NULL, NULL, 13, FALSE),
  ('2017-05-15', NULL, NULL, 13, TRUE),
  ('2017-05-16', NULL, '16:40:00', 13, FALSE),
  ('2017-05-17', NULL, NULL, 13, TRUE),
  ('2017-05-19', NULL, NULL, 13, FALSE),
  ('2017-05-23', NULL, NULL, 13, TRUE),
  ('2017-05-25', NULL, NULL, 13, FALSE),
  ('2017-05-26', '07:40:00', NULL, 13, TRUE),
  ('2017-05-29', NULL, NULL, 13, FALSE),
  ('2017-05-02', NULL, NULL, 14, TRUE),
  ('2017-05-04', NULL, NULL, 14, FALSE),
  ('2017-05-05', NULL, NULL, 14, FALSE),
  ('2017-05-08', NULL, '15:00:00', 14, TRUE),
  ('2017-05-09', NULL, NULL, 14, TRUE),
  ('2017-05-10', NULL, '14:50:00', 14, FALSE),
  ('2017-05-11', '07:50:00', '15:40:00', 14, FALSE),
  ('2017-05-12', NULL, NULL, 14, TRUE),
  ('2017-05-15', NULL, NULL, 14, FALSE),
  ('2017-05-16', NULL, NULL, 14, FALSE),
  ('2017-05-17', NULL, NULL, 14, TRUE),
  ('2017-05-18', NULL, NULL, 14, FALSE),
  ('2017-05-19', NULL, NULL, 14, FALSE),
  ('2017-05-22', NULL, '15:40:00', 14, FALSE),
  ('2017-05-23', NULL, NULL, 14, FALSE),
  ('2017-05-26', NULL, NULL, 14, TRUE),
  ('2017-05-29', NULL, NULL, 14, FALSE),
  ('2017-05-03', NULL, NULL, 15, FALSE),
  ('2017-05-05', NULL, NULL, 15, FALSE),
  ('2017-05-08', NULL, NULL, 15, TRUE),
  ('2017-05-11', NULL, NULL, 15, TRUE),
  ('2017-05-12', NULL, NULL, 15, FALSE),
  ('2017-05-15', NULL, NULL, 15, FALSE),
  ('2017-05-17', NULL, NULL, 15, FALSE),
  ('2017-05-19', NULL, NULL, 15, FALSE),
  ('2017-05-22', NULL, NULL, 15, TRUE),
  ('2017-05-24', NULL, NULL, 15, TRUE),
  ('2017-05-25', NULL, NULL, 15, FALSE),
  ('2017-05-26', NULL, NULL, 15, FALSE),
  ('2017-05-30', NULL, NULL, 15, TRUE),
  ('2017-05-02', NULL, NULL, 16, FALSE),
  ('2017-05-03', NULL, NULL, 16, TRUE),
  ('2017-05-04', NULL, NULL, 16, FALSE),
  ('2017-05-09', NULL, NULL, 16, TRUE),
  ('2017-05-10', NULL, NULL, 16, TRUE),
  ('2017-05-11', NULL, NULL, 16, FALSE),
  ('2017-05-12', NULL, NULL, 16, FALSE),
  ('2017-05-15', NULL, NULL, 16, FALSE),
  ('2017-05-16', NULL, NULL, 16, FALSE),
  ('2017-05-18', NULL, NULL, 16, FALSE),
  ('2017-05-22', NULL, NULL, 16, TRUE),
  ('2017-05-02', NULL, NULL, 17, TRUE),
  ('2017-05-04', NULL, NULL, 17, TRUE),
  ('2017-05-05', NULL, NULL, 17, TRUE),
  ('2017-05-08', NULL, NULL, 17, FALSE),
  ('2017-05-12', '09:50:00', NULL, 17, FALSE),
  ('2017-05-16', '07:10:00', NULL, 17, FALSE),
  ('2017-05-17', NULL, '14:50:00', 17, TRUE),
  ('2017-05-19', NULL, NULL, 17, FALSE),
  ('2017-05-23', NULL, NULL, 17, FALSE),
  ('2017-05-25', NULL, NULL, 17, TRUE),
  ('2017-05-26', NULL, NULL, 17, TRUE),
  ('2017-05-29', NULL, NULL, 17, FALSE),
  ('2017-05-30', NULL, NULL, 17, TRUE),
  ('2017-05-02', NULL, NULL, 18, TRUE),
  ('2017-05-03', NULL, NULL, 18, FALSE),
  ('2017-05-04', NULL, NULL, 18, TRUE),
  ('2017-05-05', NULL, NULL, 18, FALSE),
  ('2017-05-11', NULL, NULL, 18, TRUE),
  ('2017-05-15', NULL, NULL, 18, FALSE),
  ('2017-05-16', NULL, NULL, 18, FALSE),
  ('2017-05-19', NULL, NULL, 18, TRUE),
  ('2017-05-22', NULL, NULL, 18, TRUE),
  ('2017-05-23', NULL, NULL, 18, FALSE),
  ('2017-05-24', NULL, '14:00:00', 18, TRUE),
  ('2017-05-26', NULL, NULL, 18, FALSE),
  ('2017-05-30', NULL, NULL, 18, FALSE),
  ('2017-05-02', NULL, NULL, 19, FALSE),
  ('2017-05-09', NULL, NULL, 19, FALSE),
  ('2017-05-12', NULL, NULL, 19, TRUE),
  ('2017-05-15', NULL, NULL, 19, FALSE),
  ('2017-05-16', NULL, NULL, 19, TRUE),
  ('2017-05-19', NULL, NULL, 19, TRUE),
  ('2017-05-25', '09:10:00', NULL, 19, TRUE),
  ('2017-05-30', NULL, NULL, 19, FALSE),
  ('2017-05-03', NULL, NULL, 20, FALSE),
  ('2017-05-11', NULL, NULL, 20, FALSE),
  ('2017-05-12', NULL, NULL, 20, FALSE),
  ('2017-05-15', NULL, NULL, 20, FALSE),
  ('2017-05-16', '08:40:00', NULL, 20, TRUE),
  ('2017-05-22', NULL, NULL, 20, FALSE),
  ('2017-05-24', NULL, NULL, 20, FALSE),
  ('2017-05-25', '08:20:00', NULL, 20, FALSE),
  ('2017-05-26', NULL, NULL, 20, TRUE),
  ('2017-05-30', NULL, NULL, 20, TRUE),
  ('2017-05-03', NULL, NULL, 21, FALSE),
  ('2017-05-05', NULL, NULL, 21, TRUE),
  ('2017-05-08', NULL, NULL, 21, FALSE),
  ('2017-05-10', '09:20:00', NULL, 21, FALSE),
  ('2017-05-11', NULL, NULL, 21, FALSE),
  ('2017-05-12', NULL, '15:50:00', 21, FALSE),
  ('2017-05-16', NULL, NULL, 21, FALSE),
  ('2017-05-17', NULL, NULL, 21, FALSE),
  ('2017-05-18', NULL, NULL, 21, TRUE),
  ('2017-05-19', NULL, NULL, 21, TRUE),
  ('2017-05-22', '08:30:00', NULL, 21, FALSE),
  ('2017-05-23', NULL, NULL, 21, TRUE),
  ('2017-05-26', NULL, NULL, 21, TRUE),
  ('2017-05-29', NULL, NULL, 21, FALSE),
  ('2017-05-30', NULL, NULL, 21, FALSE);


-- Add some Teacher Calendar entries
INSERT INTO Teacher_Calendar (date, teacher_id, lunch) VALUES
  ('2017-04-03', 43, FALSE),
  ('2017-04-04', 43, TRUE),
  ('2017-04-05', 43, FALSE),
  ('2017-04-06', 43, FALSE),
  ('2017-04-07', 43, TRUE),
  ('2017-04-10', 43, FALSE),
  ('2017-04-11', 43, FALSE),
  ('2017-04-12', 43, TRUE),
  ('2017-04-13', 43, FALSE),
  ('2017-04-14', 43, FALSE),
  ('2017-04-17', 43, TRUE),
  ('2017-04-18', 43, TRUE),
  ('2017-04-19', 43, FALSE),
  ('2017-04-20', 43, TRUE),
  ('2017-04-21', 43, FALSE),
  ('2017-04-23', 43, FALSE),
  ('2017-04-24', 43, FALSE),
  ('2017-04-25', 43, FALSE),
  ('2017-04-26', 43, FALSE),
  ('2017-04-27', 43, FALSE),
  ('2017-04-28', 43, FALSE),
  ('2017-05-02', 43, TRUE),
  ('2017-05-03', 43, FALSE),
  ('2017-05-04', 43, TRUE),
  ('2017-05-05', 43, TRUE),
  ('2017-05-08', 43, FALSE),
  ('2017-05-09', 43, TRUE),
  ('2017-05-10', 43, FALSE),
  ('2017-05-11', 43, FALSE),
  ('2017-05-12', 43, TRUE),
  ('2017-05-15', 43, FALSE),
  ('2017-05-16', 43, TRUE),
  ('2017-05-17', 43, TRUE),
  ('2017-05-18', 43, TRUE),
  ('2017-05-19', 43, FALSE),
  ('2017-05-22', 43, TRUE),
  ('2017-05-23', 43, FALSE),
  ('2017-05-24', 43, FALSE),
  ('2017-05-25', 43, FALSE),
  ('2017-05-26', 43, FALSE),
  ('2017-05-29', 43, TRUE),
  ('2017-05-30', 43, TRUE),
  ('2017-04-03', 44, TRUE),
  ('2017-04-04', 44, TRUE),
  ('2017-04-05', 44, TRUE),
  ('2017-04-06', 44, FALSE),
  ('2017-04-07', 44, FALSE),
  ('2017-04-10', 44, TRUE),
  ('2017-04-11', 44, TRUE),
  ('2017-04-12', 44, TRUE),
  ('2017-04-13', 44, TRUE),
  ('2017-04-14', 44, TRUE),
  ('2017-04-17', 44, FALSE),
  ('2017-04-18', 44, FALSE),
  ('2017-04-19', 44, TRUE),
  ('2017-04-20', 44, TRUE),
  ('2017-04-21', 44, FALSE),
  ('2017-04-23', 44, FALSE),
  ('2017-04-24', 44, TRUE),
  ('2017-04-25', 44, TRUE),
  ('2017-04-26', 44, TRUE),
  ('2017-04-27', 44, TRUE),
  ('2017-04-28', 44, TRUE),
  ('2017-05-02', 44, FALSE),
  ('2017-05-03', 44, FALSE),
  ('2017-05-04', 44, FALSE),
  ('2017-05-05', 44, FALSE),
  ('2017-05-08', 44, FALSE),
  ('2017-05-09', 44, FALSE),
  ('2017-05-10', 44, FALSE),
  ('2017-05-11', 44, FALSE),
  ('2017-05-12', 44, TRUE),
  ('2017-05-15', 44, FALSE),
  ('2017-05-16', 44, TRUE),
  ('2017-05-17', 44, TRUE),
  ('2017-05-18', 44, TRUE),
  ('2017-05-19', 44, FALSE),
  ('2017-05-22', 44, FALSE),
  ('2017-05-23', 44, TRUE),
  ('2017-05-24', 44, FALSE),
  ('2017-05-25', 44, TRUE),
  ('2017-05-26', 44, FALSE),
  ('2017-05-29', 44, TRUE),
  ('2017-05-30', 44, TRUE);


-- Add some calendar entries for the Daycare Center
INSERT INTO Day_Care_Calendar (date, opening_time, closing_time, meal_price, meal1description)
VALUES
  ('2017-04-03', '08:00:00', '17:00:00', 3.14, 'Brot und Wasser'),
  ('2017-04-04', '08:00:00', '17:00:00', 3.14, 'Brot und Wasser'),
  ('2017-04-05', '08:00:00', '17:00:00', 3.14, 'Brot und Wasser'),
  ('2017-04-06', '08:00:00', '17:00:00', 3.14, 'Brot und Wasser'),
  ('2017-04-07', '08:00:00', '17:00:00', 3.14, 'Brot und Wasser'),
  ('2017-04-10', '08:00:00', '17:00:00', 3.14, 'Brot und Wasser'),
  ('2017-04-11', '08:00:00', '17:00:00', 3.14, 'Brot und Wasser'),
  ('2017-04-12', '08:00:00', '17:00:00', 3.14, 'Brot und Wasser'),
  ('2017-04-13', '08:00:00', '17:00:00', 3.14, 'Brot und Wasser'),
  ('2017-04-14', '08:00:00', '17:00:00', 3.14, 'Brot und Wasser'),
  ('2017-04-17', '08:00:00', '17:00:00', 3.14, 'Brot und Wasser'),
  ('2017-04-18', '08:00:00', '17:00:00', 3.14, 'Brot und Wasser'),
  ('2017-04-19', '08:00:00', '17:00:00', 3.14, 'Brot und Wasser'),
  ('2017-04-20', '08:00:00', '17:00:00', 3.14, 'Brot und Wasser'),
  ('2017-04-21', '08:00:00', '17:00:00', 3.14, 'Brot und Wasser'),
  ('2017-04-24', '08:00:00', '17:00:00', 3.14, 'Brot und Wasser'),
  ('2017-04-25', '08:00:00', '17:00:00', 3.14, 'Brot und Wasser'),
  ('2017-04-26', '08:00:00', '17:00:00', 3.14, 'Brot und Wasser'),
  ('2017-04-27', '08:00:00', '17:00:00', 3.14, 'Brot und Wasser'),
  ('2017-04-28', '08:00:00', '17:00:00', 3.14, 'Brot und Wasser'),
  ('2017-05-02', '08:00:00', '17:00:00', 3.14, 'Brot und Wasser'),
  ('2017-05-03', '07:00:00', '17:00:00', 6.28, 'Brot und Apfelsaft'),
  ('2017-05-04', '08:00:00', '17:00:00', 3.14, 'Brot und Wasser'),
  ('2017-05-05', '08:00:00', '17:00:00', 3.14, 'Brot und Wasser'),
  ('2017-05-08', '08:00:00', '18:00:00', 3.14, 'Brot und Wasser'),
  ('2017-05-09', '08:00:00', '17:00:00', 3.14, 'Brot und Wasser'),
  ('2017-05-10', '08:00:00', '17:00:00', 3.14, 'Brot und Wasser'),
  ('2017-05-11', '08:00:00', '17:00:00', 3.14, 'Brot und Wasser'),
  ('2017-05-12', '08:00:00', '20:00:00', 3.14, 'Brot und Wasser'),
  ('2017-05-15', '08:00:00', '17:00:00', 3.14, 'Brot und Wasser'),
  ('2017-05-16', '08:00:00', '17:00:00', 3.14, 'Brot und Wasser'),
  ('2017-05-17', '08:00:00', '17:00:00', 3.14, 'Brot und Wasser'),
  ('2017-05-18', '08:00:00', '17:00:00', 3.14, 'Brot und Wasser'),
  ('2017-05-19', '08:00:00', '17:00:00', 3.14, 'Brot und Wasser'),
  ('2017-05-22', '08:00:00', '17:00:00', 3.14, 'Brot und Wasser'),
  ('2017-05-23', '08:00:00', '17:00:00', 3.14, 'Brot und Wasser'),
  ('2017-05-24', '08:00:00', '17:00:00', 3.14, 'Brot und Wasser'),
  ('2017-05-25', '08:00:00', '17:00:00', 3.14, 'Brot und Wasser'),
  ('2017-05-26', '08:00:00', '17:00:00', 3.14, 'Brot und Wasser'),
  ('2017-05-29', '08:00:00', '17:00:00', 3.14, 'Brot und Wasser'),
  ('2017-05-30', '08:00:00', '17:00:00', 3.14, 'Brot und Wasser'),
  ('2017-05-31', '08:00:00', '17:00:00', 3.14, 'Brot und Wasser');


-- Add some tasks for Parents
INSERT INTO Parent_Task (person_id, start_date, end_date, title, urgent, done) VALUES
  (2, '2017-05-04', '2017-05-05', 'Suppe kochen', FALSE, FALSE),
  (2, '2017-05-05', '2017-05-08', 'Aliens bekämpfen', FALSE, TRUE),
  (3, '2017-05-08', '2017-05-10', 'Suppe kochen', TRUE, FALSE),
  (3, '2017-05-12', '2017-05-12', 'Aliens bekämpfen', FALSE, FALSE),
  (3, '2017-05-16', '2017-05-19', 'Aliens bekämpfen', FALSE, FALSE),
  (3, '2017-05-22', '2017-05-24', 'Suppe kochen', FALSE, FALSE),
  (4, '2017-05-05', '2017-05-05', 'Boden kehren', FALSE, FALSE),
  (4, '2017-05-15', '2017-05-16', 'Feuer löschen', FALSE, FALSE),
  (4, '2017-05-16', '2017-05-17', 'Feuer löschen', FALSE, FALSE),
  (5, '2017-05-02', '2017-05-04', 'Feuer löschen', FALSE, FALSE),
  (5, '2017-05-03', '2017-05-03', 'Suppe kochen', FALSE, FALSE),
  (5, '2017-05-17', '2017-05-18', 'Feuer löschen', TRUE, FALSE),
  (6, '2017-05-23', '2017-05-23', 'Feuer löschen', FALSE, FALSE),
  (7, '2017-05-02', '2017-05-04', 'Aliens bekämpfen', FALSE, FALSE),
  (7, '2017-05-18', '2017-05-21', 'Feuer löschen', FALSE, FALSE),
  (8, '2017-05-16', '2017-05-16', 'Boden kehren', FALSE, FALSE),
  (8, '2017-05-21', '2017-05-23', 'Suppe kochen', FALSE, TRUE),
  (9, '2017-05-22', '2017-05-25', 'Aliens bekämpfen', FALSE, FALSE),
  (10, '2017-05-02', '2017-05-04', 'Aliens bekämpfen', FALSE, FALSE),
  (10, '2017-05-03', '2017-05-05', 'Aliens bekämpfen', FALSE, FALSE),
  (10, '2017-05-16', '2017-05-16', 'Boden kehren', FALSE, FALSE),
  (10, '2017-05-17', '2017-05-18', 'Suppe kochen', FALSE, FALSE),
  (11, '2017-05-09', '2017-05-12', 'Suppe kochen', FALSE, FALSE),
  (11, '2017-05-21', '2017-05-24', 'Boden kehren', FALSE, FALSE),
  (11, '2017-05-22', '2017-05-23', 'Feuer löschen', FALSE, FALSE),
  (11, '2017-05-23', '2017-05-23', 'Aliens bekämpfen', TRUE, FALSE),
  (11, '2017-05-25', '2017-05-26', 'Boden kehren', FALSE, TRUE),
  (12, '2017-05-09', '2017-05-09', 'Aliens bekämpfen', FALSE, FALSE),
  (13, '2017-05-02', '2017-05-02', 'Feuer löschen', FALSE, TRUE),
  (13, '2017-05-08', '2017-05-09', 'Suppe kochen', FALSE, FALSE),
  (13, '2017-05-11', '2017-05-12', 'Feuer löschen', FALSE, FALSE),
  (13, '2017-05-16', '2017-05-19', 'Feuer löschen', FALSE, FALSE),
  (13, '2017-05-23', '2017-05-24', 'Boden kehren', FALSE, FALSE),
  (13, '2017-05-24', '2017-05-26', 'Feuer löschen', FALSE, FALSE),
  (14, '2017-05-08', '2017-05-10', 'Boden kehren', FALSE, TRUE),
  (14, '2017-05-09', '2017-05-11', 'Feuer löschen', FALSE, FALSE),
  (14, '2017-05-10', '2017-05-11', 'Aliens bekämpfen', FALSE, FALSE),
  (14, '2017-05-12', '2017-05-15', 'Aliens bekämpfen', FALSE, FALSE),
  (14, '2017-05-15', '2017-05-16', 'Suppe kochen', FALSE, FALSE),
  (14, '2017-05-17', '2017-05-17', 'Feuer löschen', FALSE, FALSE),
  (14, '2017-05-19', '2017-05-21', 'Boden kehren', FALSE, FALSE),
  (15, '2017-05-03', '2017-05-05', 'Suppe kochen', FALSE, FALSE),
  (15, '2017-05-22', '2017-05-24', 'Boden kehren', FALSE, FALSE),
  (16, '2017-05-15', '2017-05-15', 'Aliens bekämpfen', FALSE, FALSE),
  (16, '2017-05-21', '2017-05-23', 'Feuer löschen', FALSE, FALSE),
  (17, '2017-05-09', '2017-05-10', 'Aliens bekämpfen', FALSE, TRUE),
  (17, '2017-05-15', '2017-05-17', 'Aliens bekämpfen', TRUE, TRUE),
  (17, '2017-05-17', '2017-05-17', 'Boden kehren', FALSE, FALSE),
  (17, '2017-05-23', '2017-05-25', 'Boden kehren', TRUE, FALSE),
  (18, '2017-05-12', '2017-05-12', 'Feuer löschen', FALSE, FALSE),
  (18, '2017-05-21', '2017-05-21', 'Feuer löschen', FALSE, FALSE),
  (18, '2017-05-23', '2017-05-24', 'Boden kehren', FALSE, TRUE),
  (19, '2017-05-02', '2017-05-02', 'Feuer löschen', FALSE, FALSE),
  (19, '2017-05-09', '2017-05-11', 'Suppe kochen', TRUE, FALSE),
  (19, '2017-05-11', '2017-05-11', 'Aliens bekämpfen', FALSE, FALSE),
  (19, '2017-05-15', '2017-05-16', 'Feuer löschen', FALSE, FALSE),
  (20, '2017-05-02', '2017-05-03', 'Suppe kochen', FALSE, FALSE),
  (20, '2017-05-10', '2017-05-12', 'Boden kehren', FALSE, FALSE),
  (20, '2017-05-16', '2017-05-16', 'Boden kehren', FALSE, FALSE),
  (20, '2017-05-17', '2017-05-17', 'Feuer löschen', FALSE, FALSE),
  (21, '2017-05-18', '2017-05-19', 'Feuer löschen', TRUE, FALSE),
  (21, '2017-05-22', '2017-05-24', 'Feuer löschen', TRUE, FALSE),
  (22, '2017-05-04', '2017-05-04', 'Aliens bekämpfen', FALSE, FALSE),
  (22, '2017-05-09', '2017-05-12', 'Aliens bekämpfen', FALSE, FALSE),
  (22, '2017-05-26', '2017-05-29', 'Aliens bekämpfen', FALSE, FALSE),
  (23, '2017-05-10', '2017-05-10', 'Suppe kochen', FALSE, TRUE),
  (23, '2017-05-11', '2017-05-12', 'Suppe kochen', FALSE, FALSE),
  (23, '2017-05-15', '2017-05-16', 'Boden kehren', TRUE, TRUE),
  (23, '2017-05-16', '2017-05-17', 'Suppe kochen', FALSE, FALSE),
  (24, '2017-05-02', '2017-05-04', 'Boden kehren', FALSE, FALSE),
  (24, '2017-05-16', '2017-05-17', 'Feuer löschen', FALSE, FALSE),
  (24, '2017-05-18', '2017-05-18', 'Feuer löschen', FALSE, FALSE),
  (24, '2017-05-22', '2017-05-25', 'Suppe kochen', TRUE, FALSE),
  (25, '2017-05-08', '2017-05-08', 'Boden kehren', FALSE, FALSE),
  (25, '2017-05-11', '2017-05-11', 'Feuer löschen', FALSE, FALSE),
  (25, '2017-05-21', '2017-05-23', 'Suppe kochen', FALSE, FALSE),
  (26, '2017-05-05', '2017-05-08', 'Feuer löschen', FALSE, TRUE),
  (26, '2017-05-10', '2017-05-11', 'Boden kehren', FALSE, FALSE),
  (26, '2017-05-19', '2017-05-21', 'Suppe kochen', FALSE, FALSE),
  (26, '2017-05-23', '2017-05-24', 'Suppe kochen', FALSE, FALSE),
  (27, '2017-05-02', '2017-05-03', 'Feuer löschen', FALSE, FALSE),
  (27, '2017-05-04', '2017-05-05', 'Suppe kochen', FALSE, FALSE),
  (27, '2017-05-17', '2017-05-19', 'Suppe kochen', FALSE, FALSE),
  (27, '2017-05-21', '2017-05-22', 'Boden kehren', FALSE, TRUE),
  (28, '2017-05-11', '2017-05-11', 'Boden kehren', FALSE, FALSE),
  (28, '2017-05-19', '2017-05-19', 'Boden kehren', FALSE, FALSE),
  (28, '2017-05-23', '2017-05-25', 'Suppe kochen', FALSE, FALSE),
  (29, '2017-05-09', '2017-05-12', 'Boden kehren', FALSE, FALSE),
  (29, '2017-05-21', '2017-05-23', 'Aliens bekämpfen', TRUE, FALSE),
  (29, '2017-05-23', '2017-05-24', 'Aliens bekämpfen', FALSE, FALSE),
  (30, '2017-05-10', '2017-05-12', 'Boden kehren', FALSE, FALSE),
  (30, '2017-05-19', '2017-05-21', 'Aliens bekämpfen', TRUE, FALSE),
  (30, '2017-05-21', '2017-05-23', 'Aliens bekämpfen', FALSE, TRUE),
  (30, '2017-05-25', '2017-05-25', 'Feuer löschen', FALSE, FALSE),
  (31, '2017-05-09', '2017-05-10', 'Boden kehren', FALSE, FALSE),
  (31, '2017-05-26', '2017-05-29', 'Boden kehren', FALSE, FALSE),
  (32, '2017-05-02', '2017-05-05', 'Feuer löschen', FALSE, FALSE),
  (32, '2017-05-12', '2017-05-12', 'Boden kehren', FALSE, FALSE),
  (32, '2017-05-21', '2017-05-24', 'Boden kehren', FALSE, FALSE),
  (32, '2017-05-24', '2017-05-26', 'Suppe kochen', FALSE, FALSE),
  (33, '2017-05-04', '2017-05-04', 'Feuer löschen', FALSE, FALSE),
  (33, '2017-05-10', '2017-05-12', 'Boden kehren', TRUE, FALSE),
  (33, '2017-05-23', '2017-05-24', 'Boden kehren', FALSE, FALSE),
  (34, '2017-05-02', '2017-05-03', 'Suppe kochen', FALSE, FALSE),
  (34, '2017-05-15', '2017-05-18', 'Feuer löschen', FALSE, FALSE),
  (34, '2017-05-19', '2017-05-19', 'Boden kehren', FALSE, FALSE),
  (34, '2017-05-23', '2017-05-23', 'Boden kehren', TRUE, FALSE),
  (35, '2017-05-02', '2017-05-03', 'Aliens bekämpfen', FALSE, TRUE),
  (35, '2017-05-04', '2017-05-04', 'Aliens bekämpfen', FALSE, FALSE),
  (35, '2017-05-05', '2017-05-05', 'Suppe kochen', TRUE, FALSE),
  (35, '2017-05-11', '2017-05-12', 'Suppe kochen', FALSE, FALSE),
  (35, '2017-05-15', '2017-05-15', 'Boden kehren', FALSE, FALSE),
  (35, '2017-05-16', '2017-05-16', 'Boden kehren', FALSE, FALSE),
  (36, '2017-05-03', '2017-05-04', 'Aliens bekämpfen', FALSE, TRUE),
  (36, '2017-05-04', '2017-05-05', 'Suppe kochen', FALSE, TRUE),
  (36, '2017-05-25', '2017-05-26', 'Aliens bekämpfen', FALSE, FALSE),
  (37, '2017-05-05', '2017-05-08', 'Feuer löschen', FALSE, FALSE),
  (37, '2017-05-10', '2017-05-11', 'Aliens bekämpfen', FALSE, TRUE),
  (37, '2017-05-22', '2017-05-24', 'Aliens bekämpfen', FALSE, FALSE),
  (37, '2017-05-24', '2017-05-26', 'Feuer löschen', FALSE, FALSE),
  (38, '2017-05-05', '2017-05-05', 'Suppe kochen', FALSE, FALSE),
  (38, '2017-05-15', '2017-05-18', 'Suppe kochen', FALSE, TRUE),
  (38, '2017-05-16', '2017-05-16', 'Boden kehren', FALSE, FALSE),
  (38, '2017-05-17', '2017-05-19', 'Aliens bekämpfen', TRUE, FALSE),
  (38, '2017-05-22', '2017-05-24', 'Feuer löschen', FALSE, FALSE),
  (39, '2017-05-11', '2017-05-13', 'Aliens bekämpfen', FALSE, FALSE),
  (39, '2017-05-12', '2017-05-15', 'Aliens bekämpfen', FALSE, FALSE),
  (39, '2017-05-15', '2017-05-15', 'Suppe kochen', FALSE, FALSE),
  (39, '2017-05-22', '2017-05-24', 'Boden kehren', FALSE, FALSE),
  (40, '2017-05-11', '2017-05-11', 'Feuer löschen', FALSE, FALSE),
  (40, '2017-05-22', '2017-05-25', 'Suppe kochen', FALSE, FALSE);


-- Add some Pictures
INSERT INTO Picture (id, URI) VALUES
  (1, 'file:///var/www/ikita/content/images/photo0001.jpg'),
  (2, 'file:///var/www/ikita/content/images/photo0002.jpg');
